Feature,Q1,Q3,Lower Bound,Upper Bound,Outlier Count,Outlier Percentage
dur,8e-06,0.668069,-1.0020835000000001,1.6701605000000002,15741,8.977364107653088
sbytes,114.0,1418.0,-1842.0,3374.0,22873,13.044866859433904
dbytes,0.0,1102.0,-1653.0,2755.0,28131,16.043595051927387
rate,32.78614,125000.0003,-187418.0351,312450.82154000003,17340,9.889301418379045
sload,13053.33887,88888888.0,-133300698.65282498,222202639.991695,13518,7.709548822009683
dload,0.0,27844.87109,-41767.306635,69612.177725,38143,21.753611534096418
sttl,62.0,254.0,-226.0,542.0,0,0.0
dttl,0.0,252.0,-378.0,630.0,0,0.0
ct_state_ttl,1.0,2.0,-0.5,3.5,1930,1.1007123262671024
